"id_stock","high","low","close","date"
"13","229.98","229.98","229.98","2025-01-20"
"13","224.42","219.38","222.64","2025-01-21"
"13","224.12","219.79","223.83","2025-01-22"
"13","227.03","222.3","223.66","2025-01-23"
"13","225.63","221.41","222.78","2025-01-24"
"13","232.15","223.98","229.86","2025-01-27"
"13","240.19","230.81","238.26","2025-01-28"
"13","239.855","234.01","239.36","2025-01-29"
"13","240.79","237.21","237.59","2025-01-30"
"13","247.19","233.44","236","2025-01-31"
"13","231.83","225.7","228.01","2025-02-03"
"13","233.13","226.65","232.8","2025-02-04"
"13","232.67","228.27","232.47","2025-02-05"
"13","233.8","230.425","233.22","2025-02-06"
"13","234","227.26","227.63","2025-02-07"
"13","230.585","227.2","227.65","2025-02-10"
"13","235.23","228.13","232.62","2025-02-11"
"13","236.96","230.68","236.87","2025-02-12"
"13","242.3399","235.57","241.53","2025-02-13"
"13","245.55","240.99","244.6","2025-02-14"
"13","244.6","244.6","244.6","2025-02-17"
"13","245.18","241.84","244.47","2025-02-18"
"13","246.01","243.1604","244.87","2025-02-19"
"13","246.78","244.29","245.83","2025-02-20"
"13","248.69","245.22","245.55","2025-02-21"
"13","248.86","244.42","247.1","2025-02-24"
"13","250","244.91","247.04","2025-02-25"
"13","244.98","239.13","240.36","2025-02-26"
"13","242.46","237.06","237.3","2025-02-27"
"13","242.09","230.2","241.84","2025-02-28"
"13","244.0272","236.112","238.03","2025-03-03"
"13","240.07","234.68","235.93","2025-03-04"
"13","236.55","229.23","235.74","2025-03-05"
"13","237.86","233.1581","235.33","2025-03-06"
"13","241.37","234.76","239.07","2025-03-07"
"13","236.16","224.22","227.48","2025-03-10"
"13","225.8399","217.45","220.84","2025-03-11"
"13","221.75","214.91","216.98","2025-03-12"
"13","216.8394","208.42","209.68","2025-03-13"
"13","213.95","209.58","213.49","2025-03-14"
"13","215.22","209.97","214","2025-03-17"
"13","215.15","211.49","212.69","2025-03-18"
"13","218.76","213.75","215.24","2025-03-19"
"13","217.4899","212.22","214.1","2025-03-20"
"13","218.84","211.28","218.27","2025-03-21"
"13","221.48","218.58","220.73","2025-03-24"
"13","224.1","220.08","223.75","2025-03-25"
"13","225.02","220.47","221.53","2025-03-26"
"13","224.99","220.5601","223.85","2025-03-27"
"13","223.81","217.68","217.9","2025-03-28"
"13","225.62","216.23","222.13","2025-03-31"
"13","223.68","218.9","223.19","2025-04-01"
"13","225.19","221.02","223.89","2025-04-02"
"13","207.49","201.25","203.19","2025-04-03"
"13","199.88","187.34","188.38","2025-04-04"
"13","194.15","174.62","181.46","2025-04-07"
"13","190.335","169.2101","172.42","2025-04-08"
"13","200.61","171.89","198.85","2025-04-09"
"13","194.7799","183","190.42","2025-04-10"
"13","199.54","186.06","198.15","2025-04-11"
"13","212.94","201.1621","202.52","2025-04-14"
"13","203.51","199.8","202.14","2025-04-15"
"13","200.7","192.37","194.27","2025-04-16"
"13","198.8335","194.42","196.98","2025-04-17"
"13","196.98","196.98","196.98","2025-04-18"
"13","193.8","189.8112","193.16","2025-04-21"
"13","201.59","195.97","199.74","2025-04-22"
"13","208","202.799","204.6","2025-04-23"
"13","208.8299","202.94","208.37","2025-04-24"
"13","209.75","206.2","209.28","2025-04-25"
"13","211.5","207.46","210.14","2025-04-28"
"13","212.24","208.37","211.21","2025-04-29"
"13","213.58","206.6705","212.5","2025-04-30"
"13","214.56","208.9","213.32","2025-05-01"
"13","206.99","202.16","205.35","2025-05-02"
"13","204.1","198.21","198.89","2025-05-05"
"13","200.65","197.02","198.51","2025-05-06"
"13","199.44","193.25","196.25","2025-05-07"
"13","200.05","194.6796","197.49","2025-05-08"
"13","200.5399","197.535","198.53","2025-05-09"
"13","211.2679","206.75","210.79","2025-05-12"
"13","213.4","209","212.93","2025-05-13"
"13","213.94","210.5801","212.33","2025-05-14"
"13","212.96","209.54","211.45","2025-05-15"
"13","212.57","209.77","211.26","2025-05-16"
"13","209.48","204.26","208.78","2025-05-19"
"13","208.47","205.03","206.86","2025-05-20"
"13","207.04","200.71","202.09","2025-05-21"
"13","202.75","199.7","201.36","2025-05-22"
"13","197.7","193.46","195.27","2025-05-23"
"13","195.27","195.27","195.27","2025-05-26"
"13","200.74","197.43","200.21","2025-05-27"
"13","202.73","199.9","200.42","2025-05-28"
"13","203.81","198.51","199.95","2025-05-29"
"13","201.96","196.78","200.85","2025-05-30"
"13","202.13","200.12","201.7","2025-06-02"
"13","203.77","200.955","203.27","2025-06-03"
"13","206.24","202.1","202.82","2025-06-04"
"13","204.75","200.15","200.63","2025-06-05"
"13","205.7","202.05","203.92","2025-06-06"
"13","206","200.02","201.45","2025-06-09"
"13","204.35","200.57","202.67","2025-06-10"
"13","204.5","198.41","198.78","2025-06-11"
"13","199.68","197.3601","199.2","2025-06-12"
"13","200.37","195.7","196.45","2025-06-13"
"13","198.685","196.5636","198.42","2025-06-16"
"13","198.39","195.21","195.64","2025-06-17"
"13","197.57","195.07","196.58","2025-06-18"
"13","196.58","196.58","196.58","2025-06-19"
"13","201.7","196.855","201","2025-06-20"
"13","202.3","198.96","201.5","2025-06-23"
"13","203.44","200.2","200.3","2025-06-24"
"13","203.67","200.6201","201.56","2025-06-25"
"13","202.64","199.46","201","2025-06-26"
"13","203.22","200","201.08","2025-06-27"
"13","207.39","199.2607","205.17","2025-06-30"
"13","210.1865","206.1401","207.82","2025-07-01"
"13","213.34","208.14","212.44","2025-07-02"
"13","214.65","211.8101","213.55","2025-07-03"
"13","216.23","208.8","209.95","2025-07-07"
"13","211.43","208.45","210.01","2025-07-08"
"13","211.33","207.22","211.14","2025-07-09"
"13","213.48","210.03","212.41","2025-07-10"
"13","212.13","209.86","211.16","2025-07-11"
"13","210.91","207.54","208.62","2025-07-14"
"13","211.89","208.92","209.11","2025-07-15"
"13","212.4","208.64","210.16","2025-07-16"
"13","211.8","209.59","210.02","2025-07-17"
"13","211.79","209.7045","211.18","2025-07-18"
"13","215.78","211.63","212.48","2025-07-21"
"13","214.95","212.2301","214.4","2025-07-22"
"13","215.15","212.41","214.15","2025-07-23"
"13","215.69","213.53","213.76","2025-07-24"
"13","215.24","213.4","213.88","2025-07-25"
"13","214.845","213.06","214.05","2025-07-28"
"13","214.81","210.82","211.27","2025-07-29"
"13","212.39","207.72","209.05","2025-07-30"
"13","209.84","207.16","207.57","2025-07-31"
"13","213.58","201.5","202.38","2025-08-01"
"13","207.88","201.675","203.35","2025-08-04"
"13","205.34","202.16","202.92","2025-08-05"
"13","215.38","205.59","213.25","2025-08-06"
"13","220.85","216.58","220.03","2025-08-07"
"13","231","219.25","229.35","2025-08-08"
"13","229.56","224.76","227.18","2025-08-11"
"13","230.8","227.07","229.65","2025-08-12"
"13","235","230.43","233.33","2025-08-13"
"13","235.12","230.85","232.78","2025-08-14"
"13","234.28","229.335","231.59","2025-08-15"
"13","233.12","230.11","230.89","2025-08-18"
"13","232.87","229.35","230.56","2025-08-19"
"13","230.47","225.77","226.01","2025-08-20"
"13","226.52","223.7804","224.9","2025-08-21"
"13","229.09","225.41","227.76","2025-08-22"
"13","229.3","226.23","227.16","2025-08-25"
"13","229.49","224.69","229.31","2025-08-26"
"13","230.9","228.26","230.49","2025-08-27"
"13","233.41","229.335","232.56","2025-08-28"
"13","233.38","231.37","232.14","2025-08-29"
"13","232.14","232.14","232.14","2025-09-01"
"13","230.85","226.97","229.72","2025-09-02"
"13","238.85","234.36","238.47","2025-09-03"
"13","239.8999","236.74","239.78","2025-09-04"
"13","241.32","238.4901","239.69","2025-09-05"
"13","240.15","236.34","237.88","2025-09-08"
"13","238.7805","233.36","234.35","2025-09-09"
"13","232.42","225.95","226.79","2025-09-10"
"13","230.45","226.65","230.03","2025-09-11"
"13","234.51","229.02","234.07","2025-09-12"
"13","238.19","235.03","236.7","2025-09-15"
"13","241.22","236.3235","238.15","2025-09-16"
"13","240.1","237.7301","238.99","2025-09-17"
"13","241.2","236.65","237.88","2025-09-18"
"13","246.3","240.2106","245.5","2025-09-19"
"13","256.64","248.12","256.08","2025-09-22"
"13","257.34","253.58","254.43","2025-09-23"
"13","255.74","251.04","252.31","2025-09-24"
"13","257.17","251.712","256.87","2025-09-25"
"13","257.6","253.78","255.46","2025-09-26"
"13","255","253.01","254.43","2025-09-29"
"13","255.919","253.11","254.63","2025-09-30"
"13","258.79","254.93","255.45","2025-10-01"
"13","258.18","254.15","257.13","2025-10-02"
"13","259.24","253.95","258.02","2025-10-03"
"13","259.07","255.05","256.69","2025-10-06"
"13","257.4","255.43","256.48","2025-10-07"
"13","258.52","256.11","258.06","2025-10-08"
"13","258","253.14","254.04","2025-10-09"
"13","256.38","244","245.27","2025-10-10"
"13","249.69","245.56","247.66","2025-10-13"
"13","248.845","244.7","247.77","2025-10-14"
"13","251.82","247.47","249.34","2025-10-15"
"13","249.04","245.13","247.45","2025-10-16"
"13","253.38","247.27","252.29","2025-10-17"
"13","264.375","255.63","262.24","2025-10-20"
"13","265.29","261.83","262.77","2025-10-21"
"13","262.85","255.43","258.45","2025-10-22"
"13","260.62","258.0101","259.58","2025-10-23"
"13","264.13","259.18","262.82","2025-10-24"
"13","269.12","264.6501","268.81","2025-10-27"
"13","269.89","268.15","269","2025-10-28"
"13","271.41","267.11","269.7","2025-10-29"
"13","274.14","268.48","271.4","2025-10-30"
"13","277.32","269.16","270.37","2025-10-31"
"13","270.85","266.25","269.05","2025-11-03"
"13","271.486","267.615","270.04","2025-11-04"
"13","271.7","266.93","270.14","2025-11-05"
"13","273.4","267.89","269.77","2025-11-06"
"13","272.29","266.77","268.47","2025-11-07"
"13","273.73","267.455","269.43","2025-11-10"
"13","275.91","269.8","275.25","2025-11-11"
"13","275.73","271.7","273.47","2025-11-12"
"13","276.699","272.09","272.95","2025-11-13"
"13","275.96","269.6","272.41","2025-11-14"
"13","270.49","265.73","267.46","2025-11-17"
"13","270.71","265.32","267.44","2025-11-18"
"13","272.21","265.5","268.56","2025-11-19"
"13","275.43","265.92","266.25","2025-11-20"
"13","273.33","265.67","271.49","2025-11-21"
"13","277","270.9","275.92","2025-11-24"
"13","280.38","275.25","276.97","2025-11-25"
"13","279.53","276.63","277.55","2025-11-26"
"13","277.55","277.55","277.55","2025-11-27"
"13","279","275.9865","278.85","2025-11-28"
"13","283.42","276.14","283.1","2025-12-01"
"13","287.4","282.6301","286.19","2025-12-02"
"13","288.62","283.3","284.15","2025-12-03"
"13","284.73","278.59","280.7","2025-12-04"
"13","281.14","278.05","278.78","2025-12-05"
"13","279.6693","276.15","277.89","2025-12-08"
"13","280.03","276.92","277.18","2025-12-09"
"13","279.75","276.44","278.78","2025-12-10"
"13","279.59","273.81","278.03","2025-12-11"
"13","279.22","276.82","278.28","2025-12-12"
"13","280.15","272.84","274.11","2025-12-15"
"13","275.5","271.79","274.61","2025-12-16"
"13","276.16","271.64","271.84","2025-12-17"
"13","273.63","266.95","272.19","2025-12-18"
"13","274.6","269.9","273.67","2025-12-19"
"13","273.88","270.505","270.97","2025-12-22"
"13","272.5","269.56","272.36","2025-12-23"
"13","275.43","272.195","273.81","2025-12-24"
"13","273.81","273.81","273.81","2025-12-25"
"13","275.37","272.86","273.4","2025-12-26"
"13","274.36","272.35","273.76","2025-12-29"
"13","274.08","272.28","273.08","2025-12-30"
"13","273.68","271.75","271.86","2025-12-31"
"13","271.86","271.86","271.86","2026-01-01"
"13","277.84","269","271.01","2026-01-02"
"13","271.51","266.14","267.26","2026-01-05"
"13","267.55","262.12","262.36","2026-01-06"
"13","263.68","259.81","260.33","2026-01-07"
"13","259.29","255.7","259.04","2026-01-08"
"13","260.21","256.22","259.37","2026-01-09"
"13","261.3","256.8","260.25","2026-01-12"
"13","261.81","258.39","261.05","2026-01-13"
"13","261.82","256.71","259.96","2026-01-14"
"13","261.04","257.05","258.21","2026-01-15"
"13","258.9","254.93","255.53","2026-01-16"
"13","255.53","255.53","255.53","2026-01-19"
"40,359,100","197.55","197.55","197.55","2025-01-20"
"40,359,100","203.84","199.44","199.63","2025-01-21"
"40,359,100","202.12","199.2","200.03","2025-01-22"
"40,359,100","201.94","196.82","199.58","2025-01-23"
"40,359,100","202.57","199.7842","201.9","2025-01-24"
"40,359,100","198.67","192.7","193.77","2025-01-27"
"40,359,100","197.23","192.61","197.07","2025-01-28"
"40,359,100","198.4595","195.19","197.18","2025-01-29"
"40,359,100","203.2384","199.4717","202.63","2025-01-30"
"40,359,100","207.08","203.58","205.6","2025-01-31"
"40,359,100","205.22","201.66","202.64","2025-02-03"
"40,359,100","208.7","204.26","207.71","2025-02-04"
"40,359,100","194.5499","189.91","193.3","2025-02-05"
"40,359,100","193.83","190.49","193.31","2025-02-06"
"40,359,100","193.015","185.1","187.14","2025-02-07"
"40,359,100","189.99","187.61","188.2","2025-02-10"
"40,359,100","188.8","186.08","187.07","2025-02-11"
"40,359,100","186.83","183.63","185.43","2025-02-12"
"40,359,100","187.99","184.88","187.88","2025-02-13"
"40,359,100","188.15","186.11","186.87","2025-02-14"
"40,359,100","186.87","186.87","186.87","2025-02-17"
"40,359,100","187.78","183.58","185.8","2025-02-18"
"40,359,100","187.36","185.5","187.13","2025-02-19"
"40,359,100","187.12","184.6","186.64","2025-02-20"
"40,359,100","187.47","181.13","181.58","2025-02-21"
"40,359,100","185.09","180.88","181.19","2025-02-24"
"40,359,100","180.76","176.77","177.37","2025-02-25"
"40,359,100","178.08","173.59","174.7","2025-02-26"
"40,359,100","176.59","169.752","170.21","2025-02-27"
"40,359,100","172.5","168.39","172.22","2025-02-28"
"40,359,100","175","167.64","168.66","2025-03-03"
"40,359,100","175.165","167.54","172.61","2025-03-04"
"40,359,100","175.75","170.93","174.99","2025-03-05"
"40,359,100","176.73","172.508","174.21","2025-03-06"
"40,359,100","176.9","172.25","175.75","2025-03-07"
"40,359,100","170.45","165.565","167.81","2025-03-10"
"40,359,100","168.655","163.24","165.98","2025-03-11"
"40,359,100","169.53","165.48","169","2025-03-12"
"40,359,100","168.12","164.07","164.73","2025-03-13"
"40,359,100","168.25","164.51","167.62","2025-03-14"
"40,359,100","168.46","165.81","166.57","2025-03-17"
"40,359,100","166.44","158.8","162.67","2025-03-18"
"40,359,100","168.1334","163.05","166.28","2025-03-19"
"40,359,100","167.03","163.14","165.05","2025-03-20"
"40,359,100","166.47","163.03","166.25","2025-03-21"
"40,359,100","170.5","167.44","169.93","2025-03-24"
"40,359,100","172.91","170.55","172.79","2025-03-25"
"40,359,100","171.9396","166.8606","167.14","2025-03-26"
"40,359,100","167.44","163.85","164.08","2025-03-27"
"40,359,100","163.81","155.3394","156.06","2025-03-28"
"40,359,100","157.13","152.21","156.23","2025-03-31"
"40,359,100","160.08","155.255","158.88","2025-04-01"
"40,359,100","160.275","156.53","158.86","2025-04-02"
"40,359,100","154.6872","152.18","152.63","2025-04-03"
"40,359,100","153.09","147.54","147.74","2025-04-04"
"40,359,100","154.93","142.66","149.24","2025-04-07"
"40,359,100","154.44","145.21","146.58","2025-04-08"
"40,359,100","161.87","145.81","161.06","2025-04-09"
"40,359,100","160.03","152.2","155.37","2025-04-10"
"40,359,100","159.86","155.585","159.4","2025-04-11"
"40,359,100","164.03","159.92","161.47","2025-04-14"
"40,359,100","162.05","157.645","158.68","2025-04-15"
"40,359,100","158.18","153.91","155.5","2025-04-16"
"40,359,100","157.07","150.9","153.36","2025-04-17"
"40,359,100","153.36","153.36","153.36","2025-04-18"
"40,359,100","151.06","148.4","149.86","2025-04-21"
"40,359,100","154.61","150.87","153.9","2025-04-22"
"40,359,100","160.02","156.35","157.72","2025-04-23"
"40,359,100","161.71","158.09","161.47","2025-04-24"
"40,359,100","168.24","163","163.85","2025-04-25"
"40,359,100","164.95","160.3801","162.42","2025-04-28"
"40,359,100","162.68","159.39","162.06","2025-04-29"
"40,359,100","161.374","157.155","160.89","2025-04-30"
"40,359,100","163.94","160.93","162.79","2025-05-01"
"40,359,100","166.7","163.66","165.81","2025-05-02"
"40,359,100","167.1","164.47","166.05","2025-05-05"
"40,359,100","166.74","163.13","165.2","2025-05-06"
"40,359,100","166.99","149.4901","152.8","2025-05-07"
"40,359,100","157.41","154.1","155.75","2025-05-08"
"40,359,100","156.43","153.83","154.38","2025-05-09"
"40,359,100","160.44","157.8898","159.58","2025-05-12"
"40,359,100","162.06","157.58","160.89","2025-05-13"
"40,359,100","168.34","160.93","166.81","2025-05-14"
"40,359,100","167.51","163.84","165.4","2025-05-15"
"40,359,100","170.65","166.95","167.43","2025-05-16"
"40,359,100","167.95","165.415","167.87","2025-05-19"
"40,359,100","169.68","164.26","165.32","2025-05-20"
"40,359,100","174.53","164.89","170.06","2025-05-21"
"40,359,100","178.13","171.88","171.98","2025-05-22"
"40,359,100","171.205","169.26","169.59","2025-05-23"
"40,359,100","169.59","169.59","169.59","2025-05-26"
"40,359,100","174.29","171.21","173.98","2025-05-27"
"40,359,100","176.48","173.0146","173.38","2025-05-28"
"40,359,100","175.4","171.78","172.96","2025-05-29"
"40,359,100","173.44","168.525","172.85","2025-05-30"
"40,359,100","171.0624","168.65","170.37","2025-06-02"
"40,359,100","169.8","166.68","167.71","2025-06-03"
"40,359,100","169.58","167.795","169.39","2025-06-04"
"40,359,100","172.36","169.35","169.81","2025-06-05"
"40,359,100","175.83","172.3","174.92","2025-06-06"
"40,359,100","177.915","175.66","177.63","2025-06-09"
"40,359,100","182.445","176.475","180.01","2025-06-10"
"40,359,100","181.75","178","178.79","2025-06-11"
"40,359,100","178.13","176.11","176.97","2025-06-12"
"40,359,100","178.3432","173.57","175.88","2025-06-13"
"40,359,100","178.245","175.82","177.94","2025-06-16"
"40,359,100","178.715","175.94","177.23","2025-06-17"
"40,359,100","177.8235","172.84","173.98","2025-06-18"
"40,359,100","173.98","173.98","173.98","2025-06-19"
"40,359,100","175.365","166.27","167.73","2025-06-20"
"40,359,100","168.48","163.33","166.01","2025-06-23"
"40,359,100","169.25","166.91","167.74","2025-06-24"
"40,359,100","173.36","168.5605","171.49","2025-06-25"
"40,359,100","174.65","170.86","174.43","2025-06-26"
"40,359,100","178.84","172.71","178.27","2025-06-27"
"40,359,100","181.58","175.5","177.39","2025-06-30"
"40,359,100","177.22","174.66","176.91","2025-07-01"
"40,359,100","179.935","176.09","179.76","2025-07-02"
"40,359,100","180.77","178.19","180.55","2025-07-03"
"40,359,100","180.34","176.64","177.56","2025-07-07"
"40,359,100","178.79","173.92","175.16","2025-07-08"
"40,359,100","180.28","173.88","177.66","2025-07-09"
"40,359,100","179.59","175.74","178.7","2025-07-10"
"40,359,100","182.61","177.5405","181.31","2025-07-11"
"40,359,100","184.73","180.7109","182.81","2025-07-14"
"40,359,100","185.41","182.39","183.1","2025-07-15"
"40,359,100","185.3352","183.08","183.77","2025-07-16"
"40,359,100","185.1873","181.5","184.7","2025-07-17"
"40,359,100","187.36","184.73","185.94","2025-07-18"
"40,359,100","191.26","187.05","191.15","2025-07-21"
"40,359,100","193.36","188.495","192.11","2025-07-22"
"40,359,100","193.36","190.18","191.51","2025-07-23"
"40,359,100","198.97","191.95","193.2","2025-07-24"
"40,359,100","195.275","192.13","194.08","2025-07-25"
"40,359,100","194.82","191.855","193.42","2025-07-28"
"40,359,100","196.66","192.99","196.43","2025-07-29"
"40,359,100","198.4799","195.56","197.44","2025-07-30"
"40,359,100","196.83","192.08","192.86","2025-07-31"
"40,359,100","191.6175","188.7","189.95","2025-08-01"
"40,359,100","196.08","190.92","195.75","2025-08-04"
"40,359,100","198.7","194.675","195.32","2025-08-05"
"40,359,100","197.38","194.4673","196.92","2025-08-06"
"40,359,100","198.37","195.22","197.28","2025-08-07"
"40,359,100","203.43","197.9","202.09","2025-08-08"
"40,359,100","202.16","199.8","201.63","2025-08-11"
"40,359,100","205.13","201.4","204.16","2025-08-12"
"40,359,100","205.43","198.64","203.03","2025-08-13"
"40,359,100","205.42","202.3245","203.82","2025-08-14"
"40,359,100","207.33","202.085","204.91","2025-08-15"
"40,359,100","206.14","203.41","204.29","2025-08-18"
"40,359,100","204.29","200.93","202.49","2025-08-19"
"40,359,100","202.17","197.46","200.19","2025-08-20"
"40,359,100","203.36","200.4","200.62","2025-08-21"
"40,359,100","209.23","202.13","206.72","2025-08-22"
"40,359,100","211.09","205.95","209.16","2025-08-25"
"40,359,100","208.46","206.4501","207.95","2025-08-26"
"40,359,100","209.57","206.39","208.21","2025-08-27"
"40,359,100","212.9","207.6","212.37","2025-08-28"
"40,359,100","215.34","210.97","213.53","2025-08-29"
"40,359,100","213.53","213.53","213.53","2025-09-01"
"40,359,100","212.369","206.96","211.99","2025-09-02"
"40,359,100","231.8","225.12","231.1","2025-09-03"
"40,359,100","232.77","226.76","232.66","2025-09-04"
"40,359,100","236.1299","232.38","235.17","2025-09-05"
"40,359,100","238.4","233.73","234.16","2025-09-08"
"40,359,100","240.59","233.38","239.94","2025-09-09"
"40,359,100","242.08","238.11","239.56","2025-09-10"
"40,359,100","242.57","236.58","240.78","2025-09-11"
"40,359,100","242.4227","238.5","241.38","2025-09-12"
"40,359,100","252.7499","244.98","251.76","2025-09-15"
"40,359,100","253.23","249.715","251.42","2025-09-16"
"40,359,100","251.95","246.58","249.85","2025-09-17"
"40,359,100","254.14","250.11","252.33","2025-09-18"
"40,359,100","256.7","252.0675","255.24","2025-09-19"
"40,359,100","256.31","250.81","252.88","2025-09-22"
"40,359,100","254.77","251.09","252.34","2025-09-23"
"40,359,100","252.96","247.22","247.83","2025-09-24"
"40,359,100","247.315","241.65","246.57","2025-09-25"
"40,359,100","250.12","246.64","247.18","2025-09-26"
"40,359,100","251.6483","243.2","244.36","2025-09-29"
"40,359,100","243.675","239.5707","243.55","2025-09-30"
"40,359,100","247.15","239.2","245.54","2025-10-01"
"40,359,100","247.635","243.105","246.43","2025-10-02"
"40,359,100","247.1177","242.47","246.45","2025-10-03"
"40,359,100","252.2","245.69","251.51","2025-10-06"
"40,359,100","251.55","246.81","247.13","2025-10-07"
"40,359,100","247.26","245.09","245.46","2025-10-08"
"40,359,100","245.555","239.6801","242.21","2025-10-09"
"40,359,100","244.84","236.685","237.49","2025-10-10"
"40,359,100","244.99","240.75","244.64","2025-10-13"
"40,359,100","248.025","241.1775","246.19","2025-10-14"
"40,359,100","252.76","246.79","251.71","2025-10-15"
"40,359,100","257.58","250.67","251.88","2025-10-16"
"40,359,100","254.88","248.59","253.79","2025-10-17"
"40,359,100","257.88","254.6","257.02","2025-10-20"
"40,359,100","255.38","244.67","251.34","2025-10-21"
"40,359,100","257.18","250.451","252.53","2025-10-22"
"40,359,100","255.86","252.7683","253.73","2025-10-23"
"40,359,100","262.51","256.1","260.51","2025-10-24"
"40,359,100","270.8","264.94","269.93","2025-10-27"
"40,359,100","271.38","267.17","268.43","2025-10-28"
"40,359,100","275.97","268.43","275.17","2025-10-29"
"40,359,100","291.93","280.45","281.9","2025-10-30"
"40,359,100","286.285","277.523","281.82","2025-10-31"
"40,359,100","285.94","280.3701","284.12","2025-11-03"
"40,359,100","281.8336","276.865","278.06","2025-11-04"
"40,359,100","286.7","277.88","284.75","2025-11-05"
"40,359,100","288.81","281.62","285.34","2025-11-06"
"40,359,100","284.5","275.74","279.7","2025-11-07"
"40,359,100","291.46","283.54","290.59","2025-11-10"
"40,359,100","292.34","287.88","291.74","2025-11-11"
"40,359,100","292.36","284.38","287.43","2025-11-12"
"40,359,100","283.51","278","279.12","2025-11-13"
"40,359,100","279.15","271.41","276.98","2025-11-14"
"40,359,100","294.52","284.23","285.6","2025-11-17"
"40,359,100","289.435","279.01","284.96","2025-11-18"
"40,359,100","304.25","287.67","292.99","2025-11-19"
"40,359,100","306.89","289.17","289.98","2025-11-20"
"40,359,100","303.96","294.36","299.65","2025-11-21"
"40,359,100","319.8","309.4001","318.47","2025-11-24"
"40,359,100","328.67","317.8164","323.64","2025-11-25"
"40,359,100","324.99","317.2","320.28","2025-11-26"
"40,359,100","320.28","320.28","320.28","2025-11-27"
"40,359,100","326.88","316.94","320.12","2025-11-28"
"40,359,100","319.63","313.98","315.12","2025-12-01"
"40,359,100","318.6","314.22","316.02","2025-12-02"
"40,359,100","322.04","314.28","320.62","2025-12-03"
"40,359,100","323.099","315.59","318.39","2025-12-04"
"40,359,100","323.83","319.98","322.09","2025-12-05"
"40,359,100","321.23","311.91","314.45","2025-12-08"
"40,359,100","318.7089","312.62","317.75","2025-12-09"
"40,359,100","321.87","315.4","321","2025-12-10"
"40,359,100","321.99","309.88","313.7","2025-12-11"
"40,359,100","316.14","306.96","310.52","2025-12-12"
"40,359,100","312.7","305.74","309.32","2025-12-15"
"40,359,100","311.845","303.83","307.73","2025-12-16"
"40,359,100","309.195","297.45","298.06","2025-12-17"
"40,359,100","305.26","300.63","303.75","2025-12-18"
"40,359,100","308.99","302.34","308.61","2025-12-19"
"40,359,100","311.7","306.59","311.33","2025-12-22"
"40,359,100","316.3","310.75","315.68","2025-12-23"
"40,359,100","316.29","313.32","315.67","2025-12-24"
"40,359,100","315.67","315.67","315.67","2025-12-25"
"40,359,100","316.5599","313.72","314.96","2025-12-26"
"40,359,100","314.97","311.9","314.39","2025-12-29"
"40,359,100","317.7","313.25","314.55","2025-12-30"
"40,359,100","315.39","312.2","313.8","2025-12-31"
"40,359,100","313.8","313.8","313.8","2026-01-01"
"40,359,100","322.9138","310.65","315.32","2026-01-02"
"40,359,100","319.25","315.249","317.32","2026-01-05"
"40,359,100","321.56","312.34","314.55","2026-01-06"
"40,359,100","326.465","314.5","322.43","2026-01-07"
"40,359,100","330.54","321.99","326.01","2026-01-08"
"40,359,100","331.48","326.25","329.14","2026-01-09"
"40,359,100","334.44","325.51","332.73","2026-01-12"
"40,359,100","341.2","334.35","336.43","2026-01-13"
"40,359,100","337.03","331.14","336.31","2026-01-14"
"40,359,100","338.13","331.29","333.16","2026-01-15"
"40,359,100","335.2399","328.17","330.34","2026-01-16"
"40,359,100","330.34","330.34","330.34","2026-01-19"
"5,094","429.03","429.03","429.03","2025-01-20"
"5,094","430.8999","425.595","428.5","2025-01-21"
"5,094","447.27","436","446.2","2025-01-22"
"5,094","446.75","441.5048","446.71","2025-01-23"
"5,094","446.65","441.4","444.06","2025-01-24"
"5,094","435.2","423.5","434.56","2025-01-27"
"5,094","448.38","431.38","447.2","2025-01-28"
"5,094","446.88","440.4","442.33","2025-01-29"
"5,094","422.86","413.16","414.99","2025-01-30"
"5,094","420.69","414.91","415.06","2025-01-31"
"5,094","415.41","408.66","410.92","2025-02-03"
"5,094","413.9199","409.74","412.37","2025-02-04"
"5,094","413.827","410.4","413.29","2025-02-05"
"5,094","418.2","414","415.82","2025-02-06"
"5,094","418.65","408.1","409.75","2025-02-07"
"5,094","415.4624","410.92","412.22","2025-02-10"
"5,094","412.49","409.3","411.44","2025-02-11"
"5,094","410.75","404.3673","409.04","2025-02-12"
"5,094","411","406.36","410.54","2025-02-13"
"5,094","408.91","405.88","408.43","2025-02-14"
"5,094","408.43","408.43","408.43","2025-02-17"
"5,094","410.597","406.5","409.64","2025-02-18"
"5,094","415.49","407.65","414.77","2025-02-19"
"5,094","419.31","412.54","416.13","2025-02-20"
"5,094","418.048","407.89","408.21","2025-02-21"
"5,094","409.37","399.32","404","2025-02-24"
"5,094","401.915","396.7","397.9","2025-02-25"
"5,094","403.6","394.245","399.73","2025-02-26"
"5,094","405.74","392.17","392.53","2025-02-27"
"5,094","397.63","386.57","396.99","2025-02-28"
"5,094","398.82","386.155","388.49","2025-03-03"
"5,094","392.58","381","388.61","2025-03-04"
"5,094","401.67","388.81","401.02","2025-03-05"
"5,094","402.15","392.6777","396.89","2025-03-06"
"5,094","394.8","385.54","393.31","2025-03-07"
"5,094","386.4","377.22","380.16","2025-03-10"
"5,094","386","376.91","380.45","2025-03-11"
"5,094","385.2165","378.9507","383.27","2025-03-12"
"5,094","385.32","377.45","378.77","2025-03-13"
"5,094","390.23","379.51","388.56","2025-03-14"
"5,094","392.705","385.57","388.7","2025-03-17"
"5,094","387.37","381.1","383.52","2025-03-18"
"5,094","389.68","384","387.82","2025-03-19"
"5,094","391.785","383.28","386.84","2025-03-20"
"5,094","391.74","382.8","391.26","2025-03-21"
"5,094","395.4","389.81","393.08","2025-03-24"
"5,094","396.36","392.64","395.16","2025-03-25"
"5,094","395.31","388.57","389.97","2025-03-26"
"5,094","392.24","387.395","390.58","2025-03-27"
"5,094","389.13","376.93","378.8","2025-03-28"
"5,094","377.07","367.24","375.39","2025-03-31"
"5,094","382.85","373.23","382.19","2025-04-01"
"5,094","385.08","376.62","382.14","2025-04-02"
"5,094","377.48","369.35","373.11","2025-04-03"
"5,094","374.59","359.48","359.84","2025-04-04"
"5,094","370.9999","344.79","357.86","2025-04-07"
"5,094","373.65","350.25","354.56","2025-04-08"
"5,094","393.225","353.1","390.49","2025-04-09"
"5,094","383.9","367.8","381.35","2025-04-10"
"5,094","390.05","378.89","388.45","2025-04-11"
"5,094","394.65","384.21","387.81","2025-04-14"
"5,094","391.89","384.1599","385.73","2025-04-15"
"5,094","381.61","368","371.61","2025-04-16"
"5,094","374.3215","366.89","367.78","2025-04-17"
"5,094","367.78","367.78","367.78","2025-04-18"
"5,094","364.48","355.67","359.12","2025-04-21"
"5,094","367.77","359.8602","366.82","2025-04-22"
"5,094","380.39","373.02","374.39","2025-04-23"
"5,094","388.45","375.19","387.3","2025-04-24"
"5,094","392.16","384.6","391.85","2025-04-25"
"5,094","392.74","386.638","391.16","2025-04-28"
"5,094","395.1","390.38","394.04","2025-04-29"
"5,094","396.66","384.44","395.26","2025-04-30"
"5,094","436.99","424.9","425.4","2025-05-01"
"5,094","439.44","429.985","435.28","2025-05-02"
"5,094","439.5","432.11","436.17","2025-05-05"
"5,094","437.73","431.17","433.31","2025-05-06"
"5,094","438.12","431.1103","433.35","2025-05-07"
"5,094","443.67","435.66","438.17","2025-05-08"
"5,094","440.74","435.88","438.73","2025-05-09"
"5,094","449.37","439.78","449.26","2025-05-12"
"5,094","450.6733","445.36","449.14","2025-05-13"
"5,094","453.9","448.14","452.94","2025-05-14"
"5,094","456.19","450.4301","453.13","2025-05-15"
"5,094","454.36","448.73","454.27","2025-05-16"
"5,094","459.585","450.8","458.87","2025-05-19"
"5,094","458.34","454.3201","458.17","2025-05-20"
"5,094","457.78","451.814","452.57","2025-05-21"
"5,094","460.25","453.9","454.86","2025-05-22"
"5,094","453.69","448.91","450.18","2025-05-23"
"5,094","450.18","450.18","450.18","2025-05-26"
"5,094","460.95","456.115","460.69","2025-05-27"
"5,094","462.52","456.93","457.36","2025-05-28"
"5,094","461.72","455.3105","458.68","2025-05-29"
"5,094","461.68","455.54","460.36","2025-05-30"
"5,094","462.11","456.89","461.97","2025-06-02"
"5,094","464.14","460.8622","462.97","2025-06-03"
"5,094","465.69","463.0201","463.87","2025-06-04"
"5,094","469.65","464.03","467.68","2025-06-05"
"5,094","473.335","468.78","470.38","2025-06-06"
"5,094","473.43","468.62","472.75","2025-06-09"
"5,094","472.8","466.96","470.92","2025-06-10"
"5,094","475.47","469.655","472.62","2025-06-11"
"5,094","480.415","473.52","478.87","2025-06-12"
"5,094","479.18","472.76","474.96","2025-06-13"
"5,094","480.6943","475","479.14","2025-06-16"
"5,094","478.7399","474.08","478.04","2025-06-17"
"5,094","481","474.46","480.24","2025-06-18"
"5,094","480.24","480.24","480.24","2025-06-19"
"5,094","483.46","476.87","477.4","2025-06-20"
"5,094","487.75","472.51","486","2025-06-23"
"5,094","491.849","486.795","490.11","2025-06-24"
"5,094","494.5556","489.39","492.27","2025-06-25"
"5,094","498.04","492.81","497.45","2025-06-26"
"5,094","499.3","493.03","495.94","2025-06-27"
"5,094","500.76","495.33","497.41","2025-06-30"
"5,094","498.05","490.98","492.05","2025-07-01"
"5,094","493.5","488.7","491.09","2025-07-02"
"5,094","500.13","493.44","498.84","2025-07-03"
"5,094","498.75","495.225","497.72","2025-07-07"
"5,094","498.2","494.11","496.62","2025-07-08"
"5,094","506.78","499.74","503.51","2025-07-09"
"5,094","504.44","497.75","501.48","2025-07-10"
"5,094","505.03","497.795","503.32","2025-07-11"
"5,094","503.97","501.03","503.02","2025-07-14"
"5,094","508.3","502.79","505.82","2025-07-15"
"5,094","506.72","501.89","505.62","2025-07-16"
"5,094","513.37","505.62","511.7","2025-07-17"
"5,094","514.64","507.43","510.05","2025-07-18"
"5,094","512.09","505.55","510.06","2025-07-21"
"5,094","511.2","505.27","505.27","2025-07-22"
"5,094","506.79","500.7","505.87","2025-07-23"
"5,094","513.67","507.3","510.88","2025-07-24"
"5,094","518.29","510.3592","513.71","2025-07-25"
"5,094","515","510.12","512.5","2025-07-28"
"5,094","517.62","511.56","512.57","2025-07-29"
"5,094","515.95","509.435","513.24","2025-07-30"
"5,094","555.45","531.9","533.5","2025-07-31"
"5,094","535.8","520.86","524.11","2025-08-01"
"5,094","538.25","528.13","535.64","2025-08-04"
"5,094","537.3","527.24","527.75","2025-08-05"
"5,094","531.7","524.03","524.94","2025-08-06"
"5,094","528.09","517.5511","520.84","2025-08-07"
"5,094","524.66","519.41","522.04","2025-08-08"
"5,094","527.59","519.72","521.77","2025-08-11"
"5,094","530.98","522.7","529.24","2025-08-12"
"5,094","532.7","519.37","520.58","2025-08-13"
"5,094","525.9499","520.14","522.48","2025-08-14"
"5,094","526.1","519.08","520.17","2025-08-15"
"5,094","522.82","514.02","517.1","2025-08-18"
"5,094","515.1641","508.55","509.77","2025-08-19"
"5,094","511","504.44","505.72","2025-08-20"
"5,094","507.63","502.7201","504.24","2025-08-21"
"5,094","510.73","502.41","507.23","2025-08-22"
"5,094","508.19","504.12","504.26","2025-08-25"
"5,094","504.9778","498.51","502.04","2025-08-26"
"5,094","507.29","499.9","506.74","2025-08-27"
"5,094","511.09","505.5","509.64","2025-08-28"
"5,094","509.6","504.4915","506.69","2025-08-29"
"5,094","506.69","506.69","506.69","2025-09-01"
"5,094","506","496.81","505.12","2025-09-02"
"5,094","507.79","502.32","505.35","2025-09-03"
"5,094","508.15","503.15","507.97","2025-09-04"
"5,094","511.97","492.37","495","2025-09-05"
"5,094","501.195","495.03","498.2","2025-09-08"
"5,094","502.25","497.7","498.41","2025-09-09"
"5,094","503.2299","496.72","500.37","2025-09-10"
"5,094","503.17","497.88","501.01","2025-09-11"
"5,094","512.55","503.85","509.9","2025-09-12"
"5,094","515.47","507","515.36","2025-09-15"
"5,094","517.23","508.6","509.04","2025-09-16"
"5,094","511.29","505.93","510.02","2025-09-17"
"5,094","513.07","507.66","508.45","2025-09-18"
"5,094","519.3","510.31","517.93","2025-09-19"
"5,094","517.74","512.545","514.45","2025-09-22"
"5,094","514.5899","507.31","509.23","2025-09-23"
"5,094","512.48","506.92","510.15","2025-09-24"
"5,094","510.01","505.04","507.03","2025-09-25"
"5,094","513.94","506.62","511.46","2025-09-26"
"5,094","516.845","508.88","514.6","2025-09-29"
"5,094","518.16","509.66","517.95","2025-09-30"
"5,094","520.505","511.69","519.71","2025-10-01"
"5,094","521.6","510.6791","515.74","2025-10-02"
"5,094","520.49","515","517.35","2025-10-03"
"5,094","531.03","518.2","528.57","2025-10-06"
"5,094","529.8","521.44","523.98","2025-10-07"
"5,094","526.95","523.09","524.85","2025-10-08"
"5,094","524.325","517.4","522.4","2025-10-09"
"5,094","523.58","509.63","510.96","2025-10-10"
"5,094","516.41","511.68","514.05","2025-10-13"
"5,094","515.282","506","513.57","2025-10-14"
"5,094","517.19","510","513.43","2025-10-15"
"5,094","516.85","508.13","511.61","2025-10-16"
"5,094","515.48","507.31","513.58","2025-10-17"
"5,094","518.7","513.43","516.79","2025-10-20"
"5,094","518.69","513.04","517.66","2025-10-21"
"5,094","525.23","517.71","520.54","2025-10-22"
"5,094","523.95","518.61","520.56","2025-10-23"
"5,094","525.345","520.71","523.61","2025-10-24"
"5,094","534.58","529.01","531.52","2025-10-27"
"5,094","553.72","540.77","542.07","2025-10-28"
"5,094","546.27","536.7287","541.55","2025-10-29"
"5,094","534.97","522.12","525.76","2025-10-30"
"5,094","529.32","515.1","517.81","2025-10-31"
"5,094","524.96","514.59","517.03","2025-11-03"
"5,094","515.55","507.84","514.33","2025-11-04"
"5,094","514.83","506.575","507.16","2025-11-05"
"5,094","505.7","495.81","497.1","2025-11-06"
"5,094","499.377","493.25","496.82","2025-11-07"
"5,094","506.85","498.8","506","2025-11-10"
"5,094","509.6","502.3488","508.68","2025-11-11"
"5,094","511.67","499.1201","511.14","2025-11-12"
"5,094","513.5","501.29","503.29","2025-11-13"
"5,094","511.6","497.44","510.18","2025-11-14"
"5,094","512.12","504.91","507.49","2025-11-17"
"5,094","502.98","486.78","493.79","2025-11-18"
"5,094","495.1872","482.83","487.12","2025-11-19"
"5,094","493.57","475.5","478.43","2025-11-20"
"5,094","478.92","468.27","472.12","2025-11-21"
"5,094","476.9","468.02","474","2025-11-24"
"5,094","479.15","464.89","476.99","2025-11-25"
"5,094","488.31","481.2","485.5","2025-11-26"
"5,094","485.5","485.5","485.5","2025-11-27"
"5,094","492.63","486.65","492.01","2025-11-28"
"5,094","489.8599","484.6475","486.74","2025-12-01"
"5,094","493.4999","486.32","490","2025-12-02"
"5,094","484.24","475.2","477.73","2025-12-03"
"5,094","481.322","476.49","480.84","2025-12-04"
"5,094","483.4","478.8801","483.16","2025-12-05"
"5,094","492.3","484.38","491.02","2025-12-08"
"5,094","492.12","488.5001","492.02","2025-12-09"
"5,094","484.25","475.08","478.56","2025-12-10"
"5,094","486.03","475.86","483.47","2025-12-11"
"5,094","482.45","476.34","478.53","2025-12-12"
"5,094","480.7205","472.52","474.82","2025-12-15"
"5,094","477.89","470.88","476.39","2025-12-16"
"5,094","480","475","476.12","2025-12-17"
"5,094","489.6","477.89","483.98","2025-12-18"
"5,094","487.85","482.49","485.92","2025-12-19"
"5,094","488.73","482.69","484.92","2025-12-22"
"5,094","487.83","484.74","486.85","2025-12-23"
"5,094","489.1625","484.83","488.02","2025-12-24"
"5,094","488.02","488.02","488.02","2025-12-25"
"5,094","488.12","485.96","487.71","2025-12-26"
"5,094","488.35","484.18","487.1","2025-12-29"
"5,094","489.68","485.5","487.48","2025-12-30"
"5,094","488.14","483.3","483.62","2025-12-31"
"5,094","483.62","483.62","483.62","2026-01-01"
"5,094","484.66","470.16","472.94","2026-01-02"
"5,094","476.07","469.5","472.85","2026-01-05"
"5,094","478.7367","469.75","478.51","2026-01-06"
"5,094","489.7","477.95","483.47","2026-01-07"
"5,094","482.66","475.86","478.11","2026-01-08"
"5,094","479.82","472.2001","479.28","2026-01-09"
"5,094","480.99","475.6803","477.18","2026-01-12"
"5,094","475.7799","465.95","470.67","2026-01-13"
"5,094","468.2","457.1701","459.38","2026-01-14"
"5,094","464.25","455.9","456.66","2026-01-15"
"5,094","463.19","456.48","459.86","2026-01-16"
"5,094","459.86","459.86","459.86","2026-01-19"
"5,350","137.71","137.71","137.71","2025-01-20"
"5,350","141.83","137.09","140.83","2025-01-21"
"5,350","147.79","143.67","147.07","2025-01-22"
"5,350","147.23","143.72","147.22","2025-01-23"
"5,350","148.97","141.88","142.62","2025-01-24"
"5,350","128.4","116.7","118.42","2025-01-27"
"5,350","129","116.25","128.99","2025-01-28"
"5,350","126.89","120.05","123.7","2025-01-29"
"5,350","125","118.1","124.65","2025-01-30"
"5,350","127.85","119.19","120.07","2025-01-31"
"5,350","118.57","113.01","116.66","2025-02-03"
"5,350","121.2","116.7","118.65","2025-02-04"
"5,350","125","120.76","124.83","2025-02-05"
"5,350","128.77","125.21","128.68","2025-02-06"
"5,350","130.37","125","129.84","2025-02-07"
"5,350","135","129.96","133.57","2025-02-10"
"5,350","134.48","131.02","132.8","2025-02-11"
"5,350","132.24","129.08","131.14","2025-02-12"
"5,350","136.5","131.17","135.29","2025-02-13"
"5,350","139.25","135.5","138.85","2025-02-14"
"5,350","138.85","138.85","138.85","2025-02-17"
"5,350","143.44","137.925","139.4","2025-02-18"
"5,350","141.36","137.22","139.23","2025-02-19"
"5,350","140.66","136.7901","140.11","2025-02-20"
"5,350","141.46","134.03","134.43","2025-02-21"
"5,350","138.59","130.08","130.28","2025-02-24"
"5,350","130.2","124.44","126.63","2025-02-25"
"5,350","133.73","128.49","131.28","2025-02-26"
"5,350","135.01","120.01","120.15","2025-02-27"
"5,350","125.09","116.4","124.92","2025-02-28"
"5,350","123.7","112.28","114.06","2025-03-03"
"5,350","119.31","110.11","115.99","2025-03-04"
"5,350","118.2781","114.51","117.3","2025-03-05"
"5,350","115.35","110.22","110.57","2025-03-06"
"5,350","113.48","107.56","112.69","2025-03-07"
"5,350","111.85","105.46","106.98","2025-03-10"
"5,350","112.236","104.77","108.76","2025-03-11"
"5,350","116.76","112.88","115.74","2025-03-12"
"5,350","117.76","113.79","115.58","2025-03-13"
"5,350","121.88","118.15","121.67","2025-03-14"
"5,350","122.89","118.03","119.53","2025-03-17"
"5,350","119.02","114.54","115.43","2025-03-18"
"5,350","120.445","115.68","117.52","2025-03-19"
"5,350","120.2","116.47","118.53","2025-03-20"
"5,350","117.99","115.42","117.7","2025-03-21"
"5,350","122.22","119.34","121.41","2025-03-24"
"5,350","121.29","118.92","120.69","2025-03-25"
"5,350","118.84","112.71","113.76","2025-03-26"
"5,350","114.45","110.66","111.43","2025-03-27"
"5,350","112.87","109.0701","109.67","2025-03-28"
"5,350","110.955","103.65","108.38","2025-03-31"
"5,350","110.2","106.47","110.15","2025-04-01"
"5,350","111.98","106.79","110.42","2025-04-02"
"5,350","105.63","101.6","101.8","2025-04-03"
"5,350","100.13","92.11","94.31","2025-04-04"
"5,350","101.75","86.62","97.64","2025-04-07"
"5,350","105.85","94.46","96.3","2025-04-08"
"5,350","115.1","97.5301","114.33","2025-04-09"
"5,350","110.86","99.15","107.57","2025-04-10"
"5,350","111.5499","107.48","110.93","2025-04-11"
"5,350","114.29","109.07","110.71","2025-04-14"
"5,350","113.615","110.5","112.2","2025-04-15"
"5,350","106.79","100.45","104.49","2025-04-16"
"5,350","104.47","100.05","101.49","2025-04-17"
"5,350","101.49","101.49","101.49","2025-04-18"
"5,350","99.44","95.04","96.91","2025-04-21"
"5,350","99.811","97.28","98.89","2025-04-22"
"5,350","104.8","102.02","102.71","2025-04-23"
"5,350","106.54","103.11","106.43","2025-04-24"
"5,350","111.92","105.73","111.01","2025-04-25"
"5,350","110.3699","106.02","108.73","2025-04-28"
"5,350","110.1999","107.44","109.02","2025-04-29"
"5,350","108.92","104.08","108.92","2025-04-30"
"5,350","114.94","111.3","111.61","2025-05-01"
"5,350","115.4","113.37","114.5","2025-05-02"
"5,350","114.665","112.66","113.82","2025-05-05"
"5,350","114.74","110.822","113.54","2025-05-06"
"5,350","117.68","112.2818","117.06","2025-05-07"
"5,350","118.68","115.85","117.37","2025-05-08"
"5,350","118.23","115.21","116.65","2025-05-09"
"5,350","123","120.28","123","2025-05-12"
"5,350","131.2189","124.47","129.93","2025-05-13"
"5,350","135.435","131.68","135.34","2025-05-14"
"5,350","136.3","132.66","134.83","2025-05-15"
"5,350","136.35","133.46","135.4","2025-05-16"
"5,350","135.87","132.39","135.57","2025-05-19"
"5,350","134.58","132.62","134.38","2025-05-20"
"5,350","137.4","130.59","131.8","2025-05-21"
"5,350","134.25","131.55","132.83","2025-05-22"
"5,350","132.68","129.16","131.29","2025-05-23"
"5,350","131.29","131.29","131.29","2025-05-26"
"5,350","135.66","133.31","135.5","2025-05-27"
"5,350","137.25","134.79","134.81","2025-05-28"
"5,350","143.49","137.91","139.19","2025-05-29"
"5,350","139.62","132.92","135.13","2025-05-30"
"5,350","138.12","135.4","137.38","2025-06-02"
"5,350","142","137.95","141.22","2025-06-03"
"5,350","142.39","139.545","141.92","2025-06-04"
"5,350","144","138.83","139.99","2025-06-05"
"5,350","143.27","141.51","141.72","2025-06-06"
"5,350","145","141.94","142.63","2025-06-09"
"5,350","144.29","141.525","143.96","2025-06-10"
"5,350","144.99","141.87","142.83","2025-06-11"
"5,350","145","141.85","145","2025-06-12"
"5,350","143.58","140.855","141.97","2025-06-13"
"5,350","146.175","143.2001","144.69","2025-06-16"
"5,350","145.22","143.78","144.12","2025-06-17"
"5,350","145.65","143.12","145.48","2025-06-18"
"5,350","145.48","145.48","145.48","2025-06-19"
"5,350","146.2","142.65","143.85","2025-06-20"
"5,350","144.78","142.03","144.17","2025-06-23"
"5,350","147.96","145.5","147.9","2025-06-24"
"5,350","154.45","149.26","154.31","2025-06-25"
"5,350","156.715","154","155.02","2025-06-26"
"5,350","158.71","155.255","157.75","2025-06-27"
"5,350","158.66","155.96","157.99","2025-06-30"
"5,350","157.2","151.49","153.3","2025-07-01"
"5,350","157.6","152.97","157.25","2025-07-02"
"5,350","160.98","157.77","159.34","2025-07-03"
"5,350","159.31","157.342","158.24","2025-07-07"
"5,350","160.22","158.39","160","2025-07-08"
"5,350","164.42","161.16","162.88","2025-07-09"
"5,350","164.5","161.61","164.1","2025-07-10"
"5,350","167.89","163.47","164.92","2025-07-11"
"5,350","165.49","162.02","164.07","2025-07-14"
"5,350","172.4","169.195","170.7","2025-07-15"
"5,350","171.75","168.9","171.37","2025-07-16"
"5,350","174.16","170.83","173","2025-07-17"
"5,350","174.25","171.26","172.41","2025-07-18"
"5,350","173.38","171","171.38","2025-07-21"
"5,350","171.39","164.58","167.03","2025-07-22"
"5,350","171.26","167.97","170.78","2025-07-23"
"5,350","173.83","171.3","173.74","2025-07-24"
"5,350","174.72","172.96","173.5","2025-07-25"
"5,350","177","173.97","176.75","2025-07-28"
"5,350","179.38","175.02","175.51","2025-07-29"
"5,350","179.89","176.04","179.27","2025-07-30"
"5,350","183.3","175.93","177.87","2025-07-31"
"5,350","176.54","170.89","173.72","2025-08-01"
"5,350","180.2","174.52","180","2025-08-04"
"5,350","180.26","175.9","178.26","2025-08-05"
"5,350","179.9","176.25","179.42","2025-08-06"
"5,350","183.88","178.795","180.77","2025-08-07"
"5,350","183.3","180.4","182.7","2025-08-08"
"5,350","183.84","180.25","182.06","2025-08-11"
"5,350","184.48","179.46","183.16","2025-08-12"
"5,350","183.97","179.35","181.59","2025-08-13"
"5,350","183.02","179.46","182.02","2025-08-14"
"5,350","181.9","178.0417","180.45","2025-08-15"
"5,350","182.9375","180.59","182.01","2025-08-18"
"5,350","182.5","175.49","175.64","2025-08-19"
"5,350","176","168.801","175.4","2025-08-20"
"5,350","176.9","173.81","174.98","2025-08-21"
"5,350","178.59","171.2","177.99","2025-08-22"
"5,350","181.91","176.57","179.81","2025-08-25"
"5,350","182.39","178.81","181.77","2025-08-26"
"5,350","182.49","179.1","181.6","2025-08-27"
"5,350","184.47","176.41","180.17","2025-08-28"
"5,350","178.15","173.145","174.18","2025-08-29"
"5,350","174.18","174.18","174.18","2025-09-01"
"5,350","172.379","167.22","170.78","2025-09-02"
"5,350","172.41","168.875","170.62","2025-09-03"
"5,350","171.86","169.41","171.66","2025-09-04"
"5,350","169.03","164.07","167.02","2025-09-05"
"5,350","170.96","167.35","168.31","2025-09-08"
"5,350","170.98","166.7401","170.76","2025-09-09"
"5,350","179.29","175.47","177.33","2025-09-10"
"5,350","180.28","176.48","177.17","2025-09-11"
"5,350","178.595","176.45","177.82","2025-09-12"
"5,350","178.85","174.51","177.75","2025-09-15"
"5,350","177.5","174.38","174.88","2025-09-16"
"5,350","173.2","168.41","170.29","2025-09-17"
"5,350","177.1","172.96","176.24","2025-09-18"
"5,350","178.08","175.18","176.67","2025-09-19"
"5,350","184.55","174.7053","183.61","2025-09-22"
"5,350","182.42","176.21","178.43","2025-09-23"
"5,350","179.78","175.4","176.97","2025-09-24"
"5,350","180.26","173.125","177.69","2025-09-25"
"5,350","179.77","174.93","178.19","2025-09-26"
"5,350","184","180.32","181.85","2025-09-29"
"5,350","187.35","181.48","186.58","2025-09-30"
"5,350","188.14","183.9","187.24","2025-10-01"
"5,350","191.05","188.06","188.89","2025-10-02"
"5,350","190.36","185.38","187.62","2025-10-03"
"5,350","187.23","183.33","185.54","2025-10-06"
"5,350","189.06","184","185.04","2025-10-07"
"5,350","189.6","186.54","189.11","2025-10-08"
"5,350","195.3","191.06","192.57","2025-10-09"
"5,350","195.62","182.05","183.16","2025-10-10"
"5,350","190.1099","185.96","188.32","2025-10-13"
"5,350","184.8","179.7","180.03","2025-10-14"
"5,350","184.87","177.29","179.83","2025-10-15"
"5,350","183.28","179.77","181.81","2025-10-16"
"5,350","184.1","179.75","183.22","2025-10-17"
"5,350","185.2","181.73","182.64","2025-10-20"
"5,350","182.785","179.8","181.16","2025-10-21"
"5,350","183.44","176.76","180.28","2025-10-22"
"5,350","183.03","179.7901","182.16","2025-10-23"
"5,350","187.47","183.5","186.26","2025-10-24"
"5,350","192","188.4318","191.49","2025-10-27"
"5,350","203.15","191.91","201.03","2025-10-28"
"5,350","212.1899","204.775","207.04","2025-10-29"
"5,350","206.16","201.41","202.89","2025-10-30"
"5,350","207.97","202.07","202.49","2025-10-31"
"5,350","211.335","205.56","206.88","2025-11-03"
"5,350","203.9699","197.93","198.69","2025-11-04"
"5,350","202.92","194.65","195.21","2025-11-05"
"5,350","197.62","186.38","188.08","2025-11-06"
"5,350","188.32","178.91","188.15","2025-11-07"
"5,350","199.94","193.79","199.05","2025-11-10"
"5,350","195.42","191.3","193.16","2025-11-11"
"5,350","195.89","191.13","193.8","2025-11-12"
"5,350","191.44","183.85","186.86","2025-11-13"
"5,350","191.01","180.58","190.17","2025-11-14"
"5,350","189","184.32","186.6","2025-11-17"
"5,350","184.8","179.65","181.36","2025-11-18"
"5,350","187.855","182.8301","186.52","2025-11-19"
"5,350","196","179.85","180.64","2025-11-20"
"5,350","184.56","172.93","178.88","2025-11-21"
"5,350","183.5","176.48","182.55","2025-11-24"
"5,350","178.16","169.55","177.82","2025-11-25"
"5,350","182.91","178.24","180.26","2025-11-26"
"5,350","180.26","180.26","180.26","2025-11-27"
"5,350","179.29","176.5","177","2025-11-28"
"5,350","180.3","173.68","179.92","2025-12-01"
"5,350","185.66","180","181.46","2025-12-02"
"5,350","182.45","179.1101","179.59","2025-12-03"
"5,350","184.515","179.96","183.38","2025-12-04"
"5,350","184.66","180.91","182.41","2025-12-05"
"5,350","188","182.4","185.55","2025-12-08"
"5,350","185.7167","183.32","184.97","2025-12-09"
"5,350","185.48","182.035","183.78","2025-12-10"
"5,350","181.32","176.62","180.93","2025-12-11"
"5,350","182.82","174.62","175.02","2025-12-12"
"5,350","178.415","175.03","176.29","2025-12-15"
"5,350","178.49","174.9","177.72","2025-12-16"
"5,350","176.13","170.31","170.94","2025-12-17"
"5,350","176.15","171.82","174.14","2025-12-18"
"5,350","181.45","176.34","180.99","2025-12-19"
"5,350","184.16","182.35","183.69","2025-12-22"
"5,350","189.33","182.9","189.21","2025-12-23"
"5,350","188.91","186.59","188.61","2025-12-24"
"5,350","188.61","188.61","188.61","2025-12-25"
"5,350","192.69","188","190.53","2025-12-26"
"5,350","188.755","185.91","188.22","2025-12-29"
"5,350","188.99","186.93","187.54","2025-12-30"
"5,350","190.56","186.49","186.5","2025-12-31"
"5,350","186.5","186.5","186.5","2026-01-01"
"5,350","192.9299","188.26","188.85","2026-01-02"
"5,350","193.63","186.15","188.12","2026-01-05"
"5,350","192.174","186.82","187.24","2026-01-06"
"5,350","191.37","186.56","189.11","2026-01-07"
"5,350","189.55","183.71","185.04","2026-01-08"
"5,350","186.34","183.6701","184.86","2026-01-09"
"5,350","187.12","183.02","184.94","2026-01-12"
"5,350","188.1099","183.4","185.81","2026-01-13"
"5,350","184.46","180.8","183.14","2026-01-14"
"5,350","189.7","186.33","187.05","2026-01-15"
"5,350","190.44","186.08","186.23","2026-01-16"
"5,350","186.23","186.23","186.23","2026-01-19"
"7,458","5,996.66","5,996.66","5,996.66","2025-01-20"
"7,458","6,051.51","6,006.88","6,049.24","2025-01-21"
"7,458","6,100.81","6,076.13","6,086.37","2025-01-22"
"7,458","6,118.73","6,074.67","6,118.71","2025-01-23"
"7,458","6,128.18","6,088.74","6,101.24","2025-01-24"
"7,458","6,017.17","5,962.92","6,012.28","2025-01-27"
"7,458","6,074.54","5,994.63","6,067.7","2025-01-28"
"7,458","6,062.83","6,012.96","6,039.31","2025-01-29"
"7,458","6,086.64","6,027.46","6,071.17","2025-01-30"
"7,458","6,120.91","6,030.93","6,040.53","2025-01-31"
"7,458","6,022.13","5,923.93","5,994.57","2025-02-03"
"7,458","6,042.48","5,990.87","6,037.88","2025-02-04"
"7,458","6,062.86","6,007.06","6,061.48","2025-02-05"
"7,458","6,084.03","6,046.83","6,083.57","2025-02-06"
"7,458","6,101.28","6,019.96","6,025.99","2025-02-07"
"7,458","6,073.38","6,044.84","6,066.44","2025-02-10"
"7,458","6,076.28","6,042.34","6,068.5","2025-02-11"
"7,458","6,063","6,003","6,051.97","2025-02-12"
"7,458","6,116.91","6,050.95","6,115.07","2025-02-13"
"7,458","6,127.47","6,107.62","6,114.63","2025-02-14"
"7,458","6,114.63","6,114.63","6,114.63","2025-02-17"
"7,458","6,129.63","6,099.51","6,129.58","2025-02-18"
"7,458","6,147.43","6,111.15","6,144.15","2025-02-19"
"7,458","6,134.5","6,084.59","6,117.52","2025-02-20"
"7,458","6,114.82","6,008.56","6,013.13","2025-02-21"
"7,458","6,043.65","5,977.83","5,983.25","2025-02-24"
"7,458","5,992.65","5,908.49","5,955.25","2025-02-25"
"7,458","6,009.82","5,932.69","5,956.06","2025-02-26"
"7,458","5,993.69","5,858.78","5,861.57","2025-02-27"
"7,458","5,959.4","5,837.66","5,954.5","2025-02-28"
"7,458","5,986.09","5,810.91","5,849.72","2025-03-03"
"7,458","5,865.08","5,732.59","5,778.15","2025-03-04"
"7,458","5,860.59","5,742.35","5,842.63","2025-03-05"
"7,458","5,812.08","5,711.64","5,738.52","2025-03-06"
"7,458","5,783.01","5,666.29","5,770.2","2025-03-07"
"7,458","5,705.37","5,564.02","5,614.56","2025-03-10"
"7,458","5,636.3","5,528.41","5,572.07","2025-03-11"
"7,458","5,642.19","5,546.09","5,599.3","2025-03-12"
"7,458","5,597.78","5,504.65","5,521.52","2025-03-13"
"7,458","5,645.27","5,563.85","5,638.94","2025-03-14"
"7,458","5,703.52","5,631.12","5,675.12","2025-03-17"
"7,458","5,654.53","5,597.76","5,614.66","2025-03-18"
"7,458","5,715.33","5,622.2","5,675.29","2025-03-19"
"7,458","5,711.15","5,632.33","5,662.89","2025-03-20"
"7,458","5,670.84","5,603.1","5,667.56","2025-03-21"
"7,458","5,775.14","5,718.08","5,767.57","2025-03-24"
"7,458","5,786.95","5,760.42","5,776.65","2025-03-25"
"7,458","5,783.62","5,694.41","5,712.2","2025-03-26"
"7,458","5,732.28","5,670.94","5,693.31","2025-03-27"
"7,458","5,685.89","5,572.42","5,580.94","2025-03-28"
"7,458","5,627.56","5,488.73","5,611.85","2025-03-31"
"7,458","5,650.57","5,558.52","5,633.07","2025-04-01"
"7,458","5,695.31","5,571.48","5,670.97","2025-04-02"
"7,458","5,499.53","5,390.83","5,396.52","2025-04-03"
"7,458","5,292.14","5,069.9","5,074.08","2025-04-04"
"7,458","5,246.57","4,835.04","5,062.25","2025-04-07"
"7,458","5,267.47","4,910.42","4,982.77","2025-04-08"
"7,458","5,481.34","4,948.43","5,456.9","2025-04-09"
"7,458","5,353.15","5,115.27","5,268.05","2025-04-10"
"7,458","5,381.46","5,220.77","5,363.36","2025-04-11"
"7,458","5,459.46","5,358.02","5,405.97","2025-04-14"
"7,458","5,450.41","5,386.44","5,396.63","2025-04-15"
"7,458","5,367.24","5,220.79","5,275.7","2025-04-16"
"7,458","5,328.31","5,255.58","5,282.7","2025-04-17"
"7,458","5,282.7","5,282.7","5,282.7","2025-04-18"
"7,458","5,232.94","5,101.63","5,158.2","2025-04-21"
"7,458","5,309.61","5,207.67","5,287.76","2025-04-22"
"7,458","5,469.69","5,356.17","5,375.86","2025-04-23"
"7,458","5,489.4","5,371.96","5,484.77","2025-04-24"
"7,458","5,528.11","5,455.86","5,525.21","2025-04-25"
"7,458","5,553.66","5,468.64","5,528.75","2025-04-28"
"7,458","5,571.95","5,505.7","5,560.83","2025-04-29"
"7,458","5,581.84","5,433.24","5,569.06","2025-04-30"
"7,458","5,658.91","5,597.35","5,604.14","2025-05-01"
"7,458","5,700.7","5,642.28","5,686.67","2025-05-02"
"7,458","5,683.38","5,634.48","5,650.38","2025-05-05"
"7,458","5,649.58","5,586.04","5,606.91","2025-05-06"
"7,458","5,654.73","5,578.64","5,631.28","2025-05-07"
"7,458","5,720.1","5,635.38","5,663.94","2025-05-08"
"7,458","5,691.69","5,644.15","5,659.91","2025-05-09"
"7,458","5,845.37","5,786.08","5,844.19","2025-05-12"
"7,458","5,906.64","5,845.02","5,886.55","2025-05-13"
"7,458","5,906.55","5,872.11","5,892.58","2025-05-14"
"7,458","5,924.21","5,865.16","5,916.93","2025-05-15"
"7,458","5,958.62","5,907.36","5,958.38","2025-05-16"
"7,458","5,968.61","5,895.69","5,963.6","2025-05-19"
"7,458","5,953.06","5,909.26","5,940.46","2025-05-20"
"7,458","5,938.37","5,830.91","5,844.61","2025-05-21"
"7,458","5,878.08","5,825.82","5,842.01","2025-05-22"
"7,458","5,829.51","5,767.41","5,802.82","2025-05-23"
"7,458","5,802.82","5,802.82","5,802.82","2025-05-26"
"7,458","5,924.33","5,854.07","5,921.54","2025-05-27"
"7,458","5,939.92","5,881.88","5,888.55","2025-05-28"
"7,458","5,943.13","5,873.8","5,912.17","2025-05-29"
"7,458","5,922.14","5,843.66","5,911.69","2025-05-30"
"7,458","5,937.4","5,861.43","5,935.94","2025-06-02"
"7,458","5,981.35","5,929","5,970.37","2025-06-03"
"7,458","5,990.48","5,966.11","5,970.81","2025-06-04"
"7,458","5,999.7","5,921.2","5,939.3","2025-06-05"
"7,458","6,016.87","5,978.63","6,000.36","2025-06-06"
"7,458","6,021.31","5,994.18","6,005.88","2025-06-09"
"7,458","6,043.01","6,000.28","6,038.81","2025-06-10"
"7,458","6,059.4","6,002.32","6,022.24","2025-06-11"
"7,458","6,045.43","6,003.88","6,045.26","2025-06-12"
"7,458","6,026.16","5,963.21","5,976.97","2025-06-13"
"7,458","6,050.83","6,004","6,033.11","2025-06-16"
"7,458","6,023.25","5,974.8","5,982.72","2025-06-17"
"7,458","6,018.25","5,971.89","5,980.87","2025-06-18"
"7,458","5,980.87","5,980.87","5,980.87","2025-06-19"
"7,458","6,018.2","5,952.56","5,967.84","2025-06-20"
"7,458","6,028.77","5,943.23","6,025.17","2025-06-23"
"7,458","6,101.76","6,059.25","6,092.18","2025-06-24"
"7,458","6,108.51","6,080.09","6,092.16","2025-06-25"
"7,458","6,146.52","6,107.27","6,141.02","2025-06-26"
"7,458","6,187.68","6,132.35","6,173.07","2025-06-27"
"7,458","6,215.08","6,174.97","6,204.95","2025-06-30"
"7,458","6,210.78","6,177.97","6,198.01","2025-07-01"
"7,458","6,227.6","6,188.29","6,227.42","2025-07-02"
"7,458","6,284.65","6,246.46","6,279.35","2025-07-03"
"7,458","6,262.07","6,201","6,229.98","2025-07-07"
"7,458","6,242.7","6,217.75","6,225.52","2025-07-08"
"7,458","6,269.16","6,231.43","6,263.26","2025-07-09"
"7,458","6,290.22","6,251.44","6,280.46","2025-07-10"
"7,458","6,269.44","6,237.6","6,259.75","2025-07-11"
"7,458","6,273.31","6,239.22","6,268.56","2025-07-14"
"7,458","6,302.04","6,241.68","6,243.76","2025-07-15"
"7,458","6,268.12","6,201.59","6,263.7","2025-07-16"
"7,458","6,304.69","6,262.27","6,297.36","2025-07-17"
"7,458","6,315.61","6,285.27","6,296.79","2025-07-18"
"7,458","6,336.08","6,303.79","6,305.6","2025-07-21"
"7,458","6,316.12","6,281.71","6,309.62","2025-07-22"
"7,458","6,360.64","6,317.49","6,358.91","2025-07-23"
"7,458","6,381.31","6,360.57","6,363.35","2025-07-24"
"7,458","6,395.82","6,368.53","6,388.64","2025-07-25"
"7,458","6,401.07","6,375.79","6,389.77","2025-07-28"
"7,458","6,409.26","6,363.92","6,370.86","2025-07-29"
"7,458","6,396.54","6,336.38","6,362.9","2025-07-30"
"7,458","6,427.02","6,327.64","6,339.39","2025-07-31"
"7,458","6,287.28","6,212.69","6,238.01","2025-08-01"
"7,458","6,330.69","6,271.71","6,329.94","2025-08-04"
"7,458","6,346","6,289.37","6,299.19","2025-08-05"
"7,458","6,352.83","6,301.11","6,345.06","2025-08-06"
"7,458","6,389.71","6,310.32","6,340","2025-08-07"
"7,458","6,395.16","6,355.22","6,389.45","2025-08-08"
"7,458","6,407.25","6,364.06","6,373.45","2025-08-11"
"7,458","6,446.55","6,385.76","6,445.76","2025-08-12"
"7,458","6,480.28","6,445.02","6,466.58","2025-08-13"
"7,458","6,473.92","6,441.07","6,468.54","2025-08-14"
"7,458","6,481.34","6,441.85","6,449.8","2025-08-15"
"7,458","6,455.35","6,437.7","6,449.15","2025-08-18"
"7,458","6,456.48","6,400.22","6,411.37","2025-08-19"
"7,458","6,408.4","6,343.86","6,395.78","2025-08-20"
"7,458","6,393.65","6,352.71","6,370.17","2025-08-21"
"7,458","6,478.89","6,384.59","6,466.91","2025-08-22"
"7,458","6,466.89","6,438.06","6,439.32","2025-08-25"
"7,458","6,468.37","6,429.21","6,465.94","2025-08-26"
"7,458","6,487.06","6,457.84","6,481.4","2025-08-27"
"7,458","6,508.23","6,466.96","6,501.86","2025-08-28"
"7,458","6,491.76","6,444.57","6,460.26","2025-08-29"
"7,458","6,460.26","6,460.26","6,460.26","2025-09-01"
"7,458","6,416.54","6,360.58","6,415.54","2025-09-02"
"7,458","6,453.67","6,416.17","6,448.26","2025-09-03"
"7,458","6,502.54","6,445.98","6,502.08","2025-09-04"
"7,458","6,532.65","6,443.98","6,481.5","2025-09-05"
"7,458","6,508.67","6,483.29","6,495.15","2025-09-08"
"7,458","6,518.23","6,483.08","6,512.61","2025-09-09"
"7,458","6,555.97","6,516.34","6,532.04","2025-09-10"
"7,458","6,592.89","6,545.8","6,587.47","2025-09-11"
"7,458","6,600.21","6,579.49","6,584.29","2025-09-12"
"7,458","6,619.62","6,602.07","6,615.28","2025-09-15"
"7,458","6,626.99","6,600.11","6,606.76","2025-09-16"
"7,458","6,624.39","6,551.15","6,600.35","2025-09-17"
"7,458","6,656.8","6,611.89","6,631.96","2025-09-18"
"7,458","6,671.82","6,630.31","6,664.36","2025-09-19"
"7,458","6,698.88","6,648.07","6,693.75","2025-09-22"
"7,458","6,699.52","6,645.58","6,656.92","2025-09-23"
"7,458","6,672.66","6,621.76","6,637.97","2025-09-24"
"7,458","6,619","6,569.22","6,604.72","2025-09-25"
"7,458","6,648.97","6,604.43","6,643.7","2025-09-26"
"7,458","6,677.31","6,644.49","6,661.21","2025-09-29"
"7,458","6,691.25","6,641","6,688.46","2025-09-30"
"7,458","6,718.48","6,656.2","6,711.2","2025-10-01"
"7,458","6,731.94","6,693.23","6,715.35","2025-10-02"
"7,458","6,750.87","6,705.67","6,715.79","2025-10-03"
"7,458","6,749.52","6,717.78","6,740.28","2025-10-06"
"7,458","6,754.49","6,699.96","6,714.59","2025-10-07"
"7,458","6,755.64","6,718.09","6,753.72","2025-10-08"
"7,458","6,764.58","6,716.17","6,735.11","2025-10-09"
"7,458","6,762.4","6,550.78","6,552.51","2025-10-10"
"7,458","6,668.68","6,620.71","6,654.72","2025-10-13"
"7,458","6,680.7","6,555.07","6,644.31","2025-10-14"
"7,458","6,724.12","6,612.11","6,671.06","2025-10-15"
"7,458","6,709.34","6,593.99","6,629.07","2025-10-16"
"7,458","6,678.88","6,603.76","6,664.01","2025-10-17"
"7,458","6,744.35","6,690.05","6,735.13","2025-10-20"
"7,458","6,752.16","6,722.03","6,735.35","2025-10-21"
"7,458","6,741.75","6,655.69","6,699.4","2025-10-22"
"7,458","6,749.53","6,700.14","6,738.44","2025-10-23"
"7,458","6,807.11","6,772.07","6,791.69","2025-10-24"
"7,458","6,877.28","6,843.94","6,875.16","2025-10-27"
"7,458","6,911.3","6,870.73","6,890.89","2025-10-28"
"7,458","6,920.34","6,851.91","6,890.59","2025-10-29"
"7,458","6,880.75","6,820.69","6,822.34","2025-10-30"
"7,458","6,879.17","6,814.26","6,840.2","2025-10-31"
"7,458","6,882.32","6,820.62","6,851.97","2025-11-03"
"7,458","6,820.21","6,766.71","6,771.55","2025-11-04"
"7,458","6,829.78","6,763.11","6,796.29","2025-11-05"
"7,458","6,796.68","6,707.51","6,720.32","2025-11-06"
"7,458","6,730.11","6,631.44","6,728.8","2025-11-07"
"7,458","6,841.32","6,770.56","6,832.43","2025-11-10"
"7,458","6,855.13","6,806.87","6,846.61","2025-11-11"
"7,458","6,869.91","6,829.62","6,850.92","2025-11-12"
"7,458","6,828.05","6,724.72","6,737.49","2025-11-13"
"7,458","6,774.31","6,646.87","6,734.11","2025-11-14"
"7,458","6,754.5","6,638.9","6,672.41","2025-11-17"
"7,458","6,666.63","6,574.32","6,617.32","2025-11-18"
"7,458","6,689.75","6,603.5","6,642.16","2025-11-19"
"7,458","6,770.35","6,534.05","6,538.76","2025-11-20"
"7,458","6,660.05","6,521.92","6,602.99","2025-11-21"
"7,458","6,715.75","6,630.7","6,705.12","2025-11-24"
"7,458","6,776.4","6,659.98","6,765.88","2025-11-25"
"7,458","6,831.44","6,783.87","6,812.61","2025-11-26"
"7,458","6,812.61","6,812.61","6,812.61","2025-11-27"
"7,458","6,850.86","6,819.75","6,849.09","2025-11-28"
"7,458","6,843.65","6,799.94","6,812.63","2025-12-01"
"7,458","6,851.55","6,806.71","6,829.37","2025-12-02"
"7,458","6,862.42","6,810.43","6,849.72","2025-12-03"
"7,458","6,866.47","6,827.12","6,857.12","2025-12-04"
"7,458","6,895.78","6,858.29","6,870.4","2025-12-05"
"7,458","6,878.27","6,827.19","6,846.51","2025-12-08"
"7,458","6,864.92","6,837.43","6,840.51","2025-12-09"
"7,458","6,900.67","6,824.69","6,886.68","2025-12-10"
"7,458","6,903.46","6,833.45","6,901","2025-12-11"
"7,458","6,899.85","6,801.79","6,827.41","2025-12-12"
"7,458","6,861.59","6,801.49","6,816.51","2025-12-15"
"7,458","6,819.27","6,759.74","6,800.26","2025-12-16"
"7,458","6,812.26","6,720.43","6,721.43","2025-12-17"
"7,458","6,816.13","6,758.5","6,774.76","2025-12-18"
"7,458","6,840.02","6,792.62","6,834.5","2025-12-19"
"7,458","6,882.03","6,855.74","6,878.49","2025-12-22"
"7,458","6,910.88","6,868.81","6,909.79","2025-12-23"
"7,458","6,937.32","6,904.91","6,932.05","2025-12-24"
"7,458","6,932.05","6,932.05","6,932.05","2025-12-25"
"7,458","6,945.77","6,921.6","6,929.94","2025-12-26"
"7,458","6,920.21","6,888.76","6,905.74","2025-12-29"
"7,458","6,913.25","6,893.47","6,896.24","2025-12-30"
"7,458","6,901.42","6,844.55","6,845.5","2025-12-31"
"7,458","6,845.5","6,845.5","6,845.5","2026-01-01"
"7,458","6,894.87","6,824.31","6,858.47","2026-01-02"
"7,458","6,920.38","6,891.56","6,902.05","2026-01-05"
"7,458","6,948.69","6,904.02","6,944.82","2026-01-06"
"7,458","6,965.69","6,919.19","6,920.93","2026-01-07"
"7,458","6,931.28","6,899.33","6,921.46","2026-01-08"
"7,458","6,978.36","6,917.64","6,966.28","2026-01-09"
"7,458","6,986.33","6,934.07","6,977.27","2026-01-12"
"7,458","6,985.83","6,938.77","6,963.74","2026-01-13"
"7,458","6,941.3","6,885.74","6,926.6","2026-01-14"
"7,458","6,979.34","6,937.93","6,944.47","2026-01-15"
"7,458","6,967.3","6,925.09","6,940.01","2026-01-16"
"7,458","6,940.01","6,940.01","6,940.01","2026-01-19"
